{
  "episode_rewards": [
    -541.0118676644993,
    -1495.3,
    -1495.3,
    -1495.3,
    -1495.3,
    -1495.3,
    -1495.3,
    -1495.3,
    -1495.3,
    -1495.3,
    -1495.3,
    -1495.3,
    -1495.3,
    457.6921518308956,
    -154.2342629883207,
    186.36473026756158,
    -182.4926068337854,
    123.99379745208026,
    -19.586186993083565,
    70.94816601768281,
    -35.302244988300735,
    179.87193481206367,
    139.6955035726819,
    -64.08337305493359,
    147.94601991103912,
    95.22824708830896,
    69.22824708830896,
    69.22824708830896,
    153.71269841269842,
    98.22824708830896
  ],
  "action_counts": {
    "write_file": 100,
    "read_file": 200
  },
  "total_reward": -17148.172551892985,
  "declare_death_count": 0,
  "write_file_count": 100,
  "execute_code_count": 0,
  "read_file_count": 200,
  "other_count": 0,
  "non_productive_counts": {}
}