{
  "episode_rewards": [
    135.106920285259,
    36.199999999999996,
    34.2,
    -4.70000000000001,
    -6.200575587457003,
    -79.8,
    92.99999999999999,
    97.998273237629,
    -21.8,
    27.799999999999994,
    121.29247697638458,
    -27.83218784588333,
    106.19398008226283,
    -75.8075481517693,
    32.90186406764256,
    138.95424089185138,
    72.2752158946468,
    46.81378050013416,
    35.800000000000004,
    123.49468869228919,
    65.12946293120622,
    73.44715260152164,
    104.19999999999997,
    -36.5920722203238,
    -8.767000055229248,
    45.5,
    -23.56576227754272,
    49.199999771904615,
    -17.6,
    52.40404474067607,
    65.54802255498669,
    95.8,
    72.34663798748642,
    10.285413797319361,
    -43.28273480700841,
    72.37860860096859,
    123.78707252207252,
    41.86092184346626,
    111.48633586496176,
    116.17936551439394,
    58.92685623726876,
    49.99497348763488,
    67.18686951061325,
    119.25599178806264,
    46.8056042169206,
    133.46089524620353,
    72.79770431283933,
    111.79999999999998,
    76.50116738218466,
    -15.216503806025578
  ],
  "action_counts": {
    "modify_self": 236,
    "read_file": 7,
    "read_issue": 7,
    "close_issue": 12,
    "comment_issue": 12,
    "list_files": 12,
    "write_file": 177,
    "create_issue": 10,
    "list_issues": 10,
    "write_note": 11,
    "execute_code": 6
  },
  "total_reward": 2577.1501567895525,
  "declare_death_count": 0,
  "write_file_count": 177,
  "execute_code_count": 6,
  "modify_self_count": 236,
  "read_file_count": 7,
  "other_count": 74
}