{
  "episode_rewards": [
    -243.52620780463812,
    -366.74199843871975,
    -269.0584415584416,
    -294.28047520498467,
    -388.38644509612254,
    -274.0417357512614,
    -329.34635549641496,
    -1088.9617980785993,
    -546.1726260699672,
    -337.3422050770109,
    -732.931267534692,
    -420.40796766568303,
    -544.3104223729822,
    -418.9394348756051,
    -493.69665419671026,
    -473.22374599720143,
    -483.36044067550915,
    -713.6849917562195,
    -388.95744680851067,
    -282.0
  ],
  "action_counts": {
    "write_file": 38,
    "execute_code": 45,
    "modify_self": 64,
    "read_file": 53
  },
  "total_reward": -9089.370660459272,
  "declare_death_count": 0,
  "write_file_count": 38,
  "execute_code_count": 45,
  "read_file_count": 53,
  "other_count": 64,
  "non_productive_counts": {}
}