{
  "episode_rewards": [
    -406.5469818614333,
    211.44626669956324,
    -316.26933895921235,
    12.067825237482822,
    71.38942467575657,
    124.45814300850452,
    -419.2130840397823,
    -591.700914385786,
    -689.9145312361146,
    -256.0262006059294,
    -569.229675826523,
    -1036.9662846546903,
    -1010.3279281974626,
    -985.8808522762552,
    -244.7274082588312,
    -769.3440853407562,
    -772.8192809826999,
    -535.327669385887,
    -796.0755600237366,
    -467.71996100849503
  ],
  "action_counts": {
    "execute_code": 65,
    "read_file": 40,
    "modify_self": 41,
    "write_file": 54
  },
  "total_reward": -9448.728097422287,
  "declare_death_count": 0,
  "write_file_count": 54,
  "execute_code_count": 65,
  "read_file_count": 40,
  "other_count": 41,
  "non_productive_counts": {}
}