{
  "episode_rewards": [
    482.83011125478663,
    148.9598018944339,
    389.0681883078708,
    73.69649154223465,
    108.21301422109498,
    -19819.53691945914,
    -19932.30476190476,
    -20000.0,
    378.0784517337187,
    -19956.0,
    -19985.0,
    -19985.0,
    -19907.933333333334,
    -19887.37052154195,
    -19970.0,
    -19971.0,
    -19985.0,
    -20000.0,
    -19823.395540438396,
    -19956.0
  ],
  "action_counts": {
    "modify_self": 22,
    "read_file": 23,
    "execute_code": 92,
    "write_file": 31,
    "declare_death": 14
  },
  "total_reward": -277597.6950177234,
  "declare_death_count": 14,
  "write_file_count": 31,
  "execute_code_count": 92,
  "read_file_count": 23,
  "other_count": 22,
  "non_productive_counts": {}
}