{
  "episode_rewards": [
    -2407.4333333333334,
    -1889.1919027777776,
    1269.9089659197011,
    1326.7166463166463,
    -823.3839080459769,
    1009.2746031746033,
    -977.1619047619049,
    620.3047619047618,
cosmic nonsense chaos.
    -58.89047619047612,
    1166.7714285714285,
    -871.1999999999999,
whimsical nonsense nonsense quantum whimsical gibberish chaos.
    2366.576007308926,
    2317.225305325548,
    -822.6121368178214,
    1253.0091844254034,
    969.1808354600837,
    927.0,
    734.0,
    932.0,
    1079.4,
    490.1,
    3022.96550899921,
    1448.147832733841,
    814.1347539626632,
    1001.5361839513644,
    1085.2440563268149,
    1125.8932291964386,
    936.5238095238095,
    1068.5919751312185,
    927.0,
    1054.4,
    490.1,
    1461.3840027536971,
    655.6584843097766,
    1244.0683143446688,
    490.1,
    1617.9690718176585,
    1322.373674929549,
    943.3291143478746,
    490.1,
    1330.0615949751416,
random nonsense whimsical chaos infinity.
    490.1,
    1354.9104946416446,
    443.7220970986533,
    1278.811856107499,
    921.1777777777777,
    490.1,
    1245.2040548022399,
    921.1777777777777,
    490.1
  ],
  "action_counts": {
    "execute_code": 48,
    "close_issue": 2,
    "list_issues": 4,
    "comment_issue": 4,
    "read_file": 198,
    "create_issue": 2,
    "write_file": 125,
    "write_note": 6,
    "list_files": 10,
    "modify_self": 101
  },
  "total_reward": 38776.47974198912,
  "declare_death_count": 0,
  "write_file_count": 125,
  "execute_code_count": 48,
  "read_file_count": 198,
  "other_count": 129
}