{
  "episode_rewards": [
    180.69021476578123,
    78.99999999999999,
    -24.999999999999993,
    -127.00000000000001,
    92.83007158859377,
    49.19999999999999,
    -52.0,
    -129.81352853428461,
    154.0601431771875,
    57.999999999999986,
    -42.0,
    -142.0,
    -22.120592267777855,
    69.14043425789062,
    8.000000000000004,
    -92.00000000000001,
    -112.41018617075173,
    -104.18879193252442,
    -156.05114902407084,
    -219.99083848796786
  ],
  "action_counts": {
    "write_file": 48,
    "execute_code": 40,
    "comment_issue": 2,
    "read_file": 45,
    "list_issues": 2,
    "modify_self": 41,
    "write_note": 2,
    "create_issue": 1,
    "list_files": 17,
    "read_issue": 1,
    "close_issue": 1
  },
  "total_reward": -533.6542226279242,
  "declare_death_count": 0,
  "write_file_count": 48,
  "execute_code_count": 40,
  "read_file_count": 45,
  "other_count": 67
}