{
  "episode_rewards": [
    117.6634468191289,
    -83.24102784375,
    -10.878487499999991,
    73.041110625,
    31.812101332812503,
    118.53893709889452,
    111.03352002545701,
    -26.699873667187504,
    -55.340552843750004,
    87.55895320632813
  ],
  "action_counts": {
    "read_file": 60,
    "modify_self": 3,
    "comment_issue": 5,
    "list_files": 4,
    "read_issue": 7,
    "create_issue": 5,
    "write_note": 5,
    "list_issues": 2,
    "write_file": 3,
    "execute_code": 4,
    "close_issue": 2
  },
  "total_reward": 363.4881272529335,
  "declare_death_count": 0,
  "write_file_count": 3,
  "execute_code_count": 4,
  "read_file_count": 60,
  "other_count": 33
}