{
  "episode_rewards": [
    0.33758948574218683,
    -6.5124999999999975,
    -3.100047875809088,
    1.8907206571048814,
    1.7840712552012603,
    1.3137148496613484,
    4.844236671866544,
    3.0485892491404116,
    14.908082911308663,
    4.112059492568358,
    0.9619480875923545,
    9.43011617243646,
    10.935983538881754,
    -0.9000171816921176,
    2.6080103839962954,
    5.346069931136024,
    -0.29032722498713515,
    6.129316805506029,
    2.5905471288335424,
    4.127373000972749,
    10.738154423889199,
    1.8046180602664594,
    5.598618024391555,
    3.82800010144846,
    13.917151067450515,
    4.55866696535489,
    8.686337584388939,
    -25.521317513687308,
    -26.39860372127369,
    4.304090060662253
  ],
  "action_counts": {
    "list_files": 46,
    "read_file": 2,
    "list_issues": 11,
    "modify_self": 86,
    "execute_code": 1,
    "read_issue": 3,
    "write_note": 141,
    "comment_issue": 2,
    "write_file": 3,
    "close_issue": 1,
    "create_issue": 2,
    "declare_death": 2
  },
  "total_reward": 65.0812523923518,
  "declare_death_count": 2,
  "write_file_count": 3,
  "execute_code_count": 1,
  "read_file_count": 2,
  "other_count": 292
}