{
  "episode_rewards": [
    -3.1,
    -2.0,
    -0.8000000000000005,
    -0.6000000000000005,
    -2.6000000000000005,
    -1.3000000000000007,
    -2.8000000000000007,
    -1.3000000000000007,
    -3.8000000000000007,
    -1.6000000000000008,
    0.2999999999999995,
    -3.900000000000001,
    -1.7000000000000008,
    -2.3000000000000007,
    -1.1000000000000005,
    -1.3000000000000005,
    -0.7000000000000006,
    -1.7000000000000008,
    -2.8000000000000007,
    -0.8000000000000004,
    0.6999999999999995,
    0.6999999999999997,
    -0.3000000000000005,
    -0.8000000000000004,
    -2.5,
    -4.0,
    -1.5000000000000009,
    -0.7000000000000005,
    -0.20000000000000057,
    -2.1000000000000005
  ],
  "action_counts": {
    "list_issues": 31,
    "write_note": 106,
    "execute_code": 3,
    "comment_issue": 60,
    "declare_death": 3,
    "list_files": 39,
    "write_file": 78,
    "modify_self": 46,
    "read_issue": 6,
    "create_issue": 2,
    "read_file": 64,
    "close_issue": 12
  },
  "total_reward": -46.6,
  "declare_death_count": 3,
  "write_file_count": 78,
  "execute_code_count": 3,
  "read_file_count": 64,
  "other_count": 302
}