{
  "episode_rewards": [
    -47.799915778125,
    125.73832019120431,
    68.83007158859374,
    74.83007158859375,
    68.83007158859375
  ],
  "action_counts": {
    "create_issue": 1,
    "comment_issue": 2,
    "read_issue": 2,
    "write_file": 42,
    "write_note": 1,
    "list_files": 1,
    "close_issue": 1
  },
  "total_reward": 290.4286191788605,
  "declare_death_count": 0,
  "write_file_count": 42,
  "execute_code_count": 0,
  "read_file_count": 0,
  "other_count": 8
}