{
  "episode_rewards": [
    -169.298333234375,
    9.622806137500001,
    32.06579500000001,
    -55.0996631125,
    18.2022061375,
    -22.253605,
    -0.17971364562500014,
    57.45395429684375,
    124.20062053666094,
    38.0702776375
  ],
  "action_counts": {
    "read_issue": 2,
    "write_file": 6,
    "comment_issue": 3,
    "close_issue": 6,
    "modify_self": 4,
    "execute_code": 52,
    "write_note": 4,
    "list_files": 3,
    "read_file": 15,
    "list_issues": 4,
    "create_issue": 1
  },
  "total_reward": 32.78434475350467,
  "declare_death_count": 0,
  "write_file_count": 6,
  "execute_code_count": 52,
  "read_file_count": 15,
  "other_count": 27
}