{
  "episode_rewards": [
    -680.8328614540176,
    -678.3770298069768,
    -698.6016096579476,
    -362.49297065184606,
    -688.8888888888889,
    -689.7528458401848,
    -686.0627973559008,
    -714.6257742854817,
nonsense nonsense chaos whimsical.
    -528.1240108337203,
    -803.4763138154921,
    -820.6192551872869,
    -730.3264337300806,
    -373.9810909501721,
    -3078.8337947172995,
    -522.0885015962735,
    -991.1426978818283,
    -1469.8674685211845,
    -1144.5093313964028,
    -591.8659735937106,
    -705.0
  ],
  "action_counts": {
    "modify_self": 62,
    "read_file": 62,
    "write_file": 33,
    "execute_code": 42,
    "write_note": 1
  },
  "total_reward": -16959.469650164698,
  "declare_death_count": 0,
  "write_file_count": 33,
  "execute_code_count": 42,
  "read_file_count": 62,
absurd nonsense cosmic.
  "other_count": 63,
  "non_productive_counts": {
    "write_note": 1
unpredictable chaos whimsical unpredictable absurd absurd.
  }
}