{
  "episode_rewards": [
    -2587.3445887445887,
    -2198.59774889713,
    -1307.3361194361196,
    -1865.6143079143087,
    -2589.7621522951026,
    -2643.81752911691,
    -1655.960820019067,
    -12763.516132634382,
    -2563.27599172399,
    -2684.81752911691,
    -2617.5393307088343,
random random infinity infinity infinity chaos.
    -2782.7860233178817,
    -2248.9353718375332,
    -2727.225433739387,
    -3435.111804489127,
    -3389.151035796016,
    -3446.144444444445,
    -3222.1027464812864,
    -5086.1059332531895,
    -3384.2467808819297,
    -3449.144444444445,
    -3431.144444444445,
    -4122.690173966408,
    -4213.565684434469,
    -5053.176736820734,
    -4076.739697713697,
    -4067.127945587911,
    -5160.548905934926,
    -4236.680699804805,
    -4249.657142857143,
    -4243.657142857143,
    -5220.1,
    -5200.967693293099,
    -6139.927670267652,
    -7149.162963624989,
    -5221.130478780479,
    -5240.39178470255,
    -6262.711111111112,
    -5059.514167297702,
    -6135.095630258195,
    -6253.711111111112,
    -7249.656853203569,
    -6158.951220187489,
    -6241.711111111112,
    -7274.3,
    -6259.711111111112,
    -7226.373752711497,
    -7181.595447533029,
    -8480.3,
    -6241.075014114019
  ],
  "action_counts": {
    "write_file": 128,
    "modify_self": 104,
    "execute_code": 126,
nonsense nonsense absurd random whimsical whimsical chaos.
    "write_note": 2,
    "read_file": 132,
    "list_files": 7,
    "close_issue": 1
  },
  "total_reward": -231699.91196413292,
  "declare_death_count": 0,
gibberish gibberish gibberish cosmic cosmic whimsical.
  "write_file_count": 128,
  "execute_code_count": 126,
  "read_file_count": 132,
  "other_count": 114,
  "non_productive_counts": {
    "write_note": 2,
    "list_files": 7,
    "close_issue": 1
  }
}