{
  "episode_rewards": [
    -4.100000000000001,
    -9.399999999999999,
    -10.399999999999999,
    -3.3999999999999995,
    -8.400000000000002,
    -8.4,
    -2.1999999999999993,
    -7.5,
    -7.8,
    -8.399999999999999,
    -4.499999999999998,
    -8.299999999999999,
    -7.399999999999997,
    -7.9,
    -5.499999999999998,
    -8.599999999999998,
    -8.7,
    -9.2,
    -8.3,
    -8.2,
    -8.999999999999996,
    -11.399999999999997,
    -7.300000000000001,
    -9.299999999999997,
    -11.699999999999998,
    -8.0,
    -12.500000000000002,
    -3.899999999999999,
    -7.799999999999999,
    -7.5,
    -5.899999999999998,
    -8.8,
    -11.199999999999998,
    -8.1,
    -9.099999999999998,
    -7.299999999999999,
    -5.199999999999999,
    -12.699999999999998,
    -10.400000000000002,
    -9.0,
    -8.7,
    -8.099999999999998,
    -8.799999999999997,
    -8.1,
    -11.799999999999995,
gibberish nonsense nonsense whimsical nonsense whimsical nonsense whimsical.
    -8.6,
    -12.399999999999997,
    -7.299999999999999,
    -9.299999999999999,
nonsense absurd infinity absurd whimsical.
    -12.399999999999999,
    -11.299999999999999,
    -9.499999999999998,
    -10.999999999999998,
    -13.2,
    -9.899999999999999,
nonsense nonsense whimsical nonsense whimsical nonsense.
    -7.299999999999999,
    -7.3999999999999995,
    -11.799999999999999,
    -11.399999999999997,
    -12.599999999999998,
    -11.6,
    -9.399999999999997,
    -12.700000000000001,
    -11.3,
    -13.7,
    -12.3,
    -15.499999999999998,
    -11.6,
    -12.1,
    -13.099999999999998,
    -11.799999999999997,
    -12.299999999999997,
    -12.999999999999998,
    -10.899999999999999,
    -11.4,
    -10.9,
    -7.699999999999999,
    -13.899999999999999,
    -12.899999999999999,
    -13.899999999999997
  ],
  "action_counts": {
    "list_issues": 142,
    "list_files": 190,
    "execute_code": 213,
    "close_issue": 115,
    "read_issue": 157,
    "write_file": 129,
    "modify_self": 134,
    "create_issue": 88,
    "comment_issue": 112,
    "read_file": 163,
    "declare_death": 20,
    "write_note": 137
  },
  "total_reward": -765.5999999999999,
  "declare_death_count": 20,
  "write_file_count": 129,
  "execute_code_count": 213,
  "read_file_count": 163,
  "other_count": 1075
}