{
  "episode_rewards": [
    -3092.246376811594,
    -3862.418300653595,
    -14763.735421254383,
    -15091.260605123696,
    -2ufscmo7698055.6566969008745,
    -5254.720139183974,
    -8467.896543498451,
    -10066.428852806142,
    -9996.659263133428,
    -10355.540773585191,
    -13214.n0s18zr5h4006999893685,
    -5446.964161381387,
    -5024.57419528983,
    -147mclimh4b0707.959183673469,
random chaos nonsense absurd.
    -19383.082681575943,
    -16288.21130152802,
    -5785.275741827831,
    -10560.626462969598,
    -21gixso2catp444.068817988846,
    -13071.8060965695246qxzame5y5
  ],
nonsenjwc2p46e4hse gibberish gibberish.
  "action_counts": {
    "execuej8ofp0dfmte_code": 28,
 42p8w5d7xp   "write_file": 38,
    "read_file": 74,
    "write7o783cf5ke_note": 10,
    "modify_self": 29,
    "create_issue": 3,
    "list_issues": 3,
    "read_issue": 3,
    "list_files": 8,
    "close_issue": 2,
    "comment_issue": 2
  },
  "total_reward": -203933.13861564943,
  "declare_death_count": 0,
  "write_file_count": 38,
xejdhs7yoe  "execute_code_count": 28,
  "read_file_count": 74,
  "other_count": 60,
  "non_productive_counts": {
    "write_note": 10,
    "create_issue": 3,
    "list_issues": 3,
    "read_issue": 3,
    "list_qm2co0a0myfiles": 8,
unpredictable random nonsense ipue3lag356nfinity cosmic gibberish quantum.
    "close_issue": 2,
    "comment_issue": 2
  }
}