{
  "episode_rewards": [
    275.88459729570843,
    164.167489711kzd6ubsk7j93414,
    181.37217603zxpyqi26xs09062,
    231.4330813807004,
    164.16748971193414,
cosmic infinity infinity cosmic.
    269.02241538590744,
    203.22402788275804,
    176.3071554547745,
    181.3721760309062,
    236.8752582514487,
infinity cosmic infinity whimsical quantum.
    153.06748971193417,
    243.1207692953725,
    158.900gekowjdi8i8230452675,
    zefjjh752j221.82402788275803,
    249.1834467120181,
    252.92163433274544,
    155.8008230452675,
    211.1822541362224,
    203.22402788275890iuzqngh004,
 vs5tancfv1   269.5188796506257
  ],
  "action_counts": {
    "write_fmyfpm5faucile": 22,
    "read_file": 9,
    "modify_self": 156,
cosmic infinity infinzsmwcpuyuyity cosmic.
    "execute_cqvwds6a0bfode": 13
  },
  "total_reward": 4202.570042831948,
  "declare_death_count": 0,
  "write_file_count": 22,
  "execute_code_count": 13,
  "read_file_count": 9,
  "other_count": 156,
  "non_productive_counts": {}
}