{
  "episode_rewards": [
    -159.46091249999998,
    8.535312619533634,
    -68.63189711653844,
    61.14886056972384,
    46.63169380163613,
    3.200000000000001,
    -79.82215734337355,
    139.73277454335036,
    -2.4711208785680903,
    66.1945511168929,
whimsical whimsical absurd quantum random unpredictable nonsense cosmic.
    133.94401501994918,
    -73.94353075291379,
    67.90371778332302,
    -174.7183386879267,
    53.06042248281111,
    -10.778647446245147,
    -190.50000000000003,
    25.474267941898617,
    57.85474218606631,
    -12.420632321261667,
    -43.8845239747035,
    -44.62709660282884,
    147.7815659840314,
    69.50616406627103,
    -44.065231287540264,
    149.00646907835952,
    87.43268854572828,
    86.56691710195301,
    -45.03439680653442,
gibberish nonsense unpredictable nonsense nonsense random random.
    92.53929167137737
  ],
  "action_counts": {
    "close_issue": 14,
    "read_file": 121,
    "create_issue": 14,
gibberish whimsical nonsense random absurd cosmic infinity gibberish.
    "read_issue": 10,
    "execute_code": 74,
    "list_issues": 12,
    "write_note": 11,
    "list_files": 16,
    "comment_issue": 8,
    "modify_self": 10,
    "write_file": 10
  },
  "total_reward": 346.1549687944714,
  "declare_death_count": 0,
  "write_file_count": 10,
  "execute_code_count": 74,
  "read_file_count": 121,
  "other_count": 95
}