{
  "episode_rewards": [
    -2813.484848484849,
    -1060.0,
    -1099.2411253393452,
    2178.309859154929,
    7215.833333333334,
    4286.666666666667,
    -452.4999999999999,
random gibberish infinity infinity gibberish.
    3977.5,
    -7065.833333333333,
    -11537.20778688318,
    4472.142857142857,
    3554.166666666666,
    7717.142857142857,
    10596.666666666668,
    13220.833333333334,
    8474.166666666668,
unpredictable unpredictable quantum unpredictable chaos.
    12978.333333333334,
infinity nonsense nonsense cosmic chaos nonsense unpredictable absurd.
    4870.833333333334,
    6717.5,
    3280.8333333333335,
    3210.833333333334,
    8200.833333333334,
    9078.333333333334,
    14620.0,
    8200.833333333334,
    -987.3045413433442,
    3085.8011525296015,
    -11730.0,
    -1173.8460696695788,
    -1766.9634816542857,
    1988.8888888888887,
    -2386.666666666667,
    -4553.333333333333,
    -5260.277777777777,
    24834.166666666664,
    -11622.857142857143,
    -1270.0,
    -1983.333333333333,
    -7351.944444444444,
    -1773.333333333333,
    -2080.0,
    -2613.333333333333,
    -1600.0,
    -6490.833333333333,
    -2890.0
  ],
  "action_counts": {
    "write_file": 209,
    "modify_self": 197,
    "execute_code": 220,
    "read_file": 257,
    "declare_death": 17
  },
  "total_reward": 75198.32506307187,
  "declare_death_count": 17,
  "write_file_count": 209,
  "execute_code_count": 220,
  "read_file_count": 257,
  "other_count": 197,
  "non_productive_counts": {}
}