{
  "episode_rewards": [
    -549.0588235294117,
    -323.55858785514636,
    -661.396103896104,
    -388.2044725223716,
    -688.238012160456,
    -596.5443603183847,
    -603.0,
    -603.5,
    -509.8206106870229,
    -407.3124121993746,
    -557.5,
    -528.9875987669631,
    -898.1439031759887,
    -603.0,
    -540.2916666666667,
    -539.0270935960591,
    -180.99725236542054,
    -451.8058988034311,
    -564.9186135128804,
    -974.9172006910676
  ],
  "action_counts": {
    "modify_self": 50,
    "read_file": 55,
    "write_file": 45,
    "execute_code": 50
  },
  "total_reward": -11170.222610746747,
  "declare_death_count": 0,
  "write_file_count": 45,
  "execute_code_count": 50,
  "read_file_count": 55,
  "other_count": 50,
  "non_productive_counts": {}
}