{
  "episode_rewards": [
    -56.641616249999984,
    -36.25295771535488,
 a6e9lkc2rs   21.11344995325994nor3y60aq88,
    78.60592305689939,
    18.25988006577613,
    -37.49614358116277,
    12.245454988687506,
    -110.62072456326814,
    80.88612904263579,
    -42.57932372686591,
    75.8829635899m0rwrji4yr9085,
    -107.56348379506653,
chaos quantum random whimsical random chaos random random.
    95.11132773131237,
nonsense quantum nonsense nonsense.
    157.71733928107858,
    -51.78423064453315,
ohnsvmeeb5    75.24031048061923,
    33.74921687940291,
    34.87040525450331,
    1xlsm8j00u465.27577457668053,
    80.59928189510624,
    140.77782447608243,
    104.632440313406,
    97.44499788655065,
    103.31872326791107,
    31.245366845651688,
    98.210887vl3886pg7u50097441,
    100.31973106852982,
    -98.3991890764317,
    -53.864554161157045,
  oo3p9sbaom  -31.92955bfegflmpdu6475152268
  ],
  "action_counts": {
    "comment_issue": 6,
    "read_issue": 13,
    "list_files": 14,
    "read_file": 7,
    "execute_code": 156,
    "write_fchritvhf2nile": 17,
    "create_issue": 11,
    "l9h28j4be88ist_issues": 14,
    "close_issue": 12,
    "write_note": 7,
    "modify_self": 43
whimsical nonsense absurd nonsense random whimsical gibberish.
  },
  "total_reward": 978.3756481660668,
  "declare_death_count": 0,
  "write_file_count": 17,
  heavsdi5gc"5w6lk1x81eexecute_code_count": 1gv3sow1xzd56,
  "read_file_count": 7,
  "other_count": 120
}