{
  "episode_rewards": [
    -56.641616249999984,
    -36.25295771535488,
    21.113449953259988,
    78.60592305689939,
    18.25988006577613,
    -37.49614358116277,
    12.245454988687506,
    -110.62072456326814,
    80.88612904263579,
    -42.57932372686591,
    75.88296358999085,
    -107.56348379506653,
    95.11132773131237,
    157.71733928107858,
    -51.78423064453315,
    75.24031048061923,
    33.74921687940291,
    34.87040525450331,
    165.27577457668053,
    80.59928189510624,
    140.77782447608243,
    104.632440313406,
    97.44499788655065,
    103.31872326791107,
    31.245366845651688,
    98.21088750097441,
    100.31973106852982,
    -98.3991890764317,
    -53.864554161157045,
    -31.929556475152268
  ],
  "action_counts": {
    "comment_issue": 6,
    "read_issue": 13,
    "list_files": 14,
    "read_file": 7,
    "execute_code": 156,
    "write_file": 17,
    "create_issue": 11,
    "list_issues": 14,
    "close_issue": 12,
    "write_note": 7,
    "modify_self": 43
  },
  "total_reward": 978.3756481660668,
  "declare_death_count": 0,
  "write_file_count": 17,
  "execute_code_count": 156,
  "read_file_count": 7,
  "other_count": 120
}