{
  "episode_rewards": [
    -1142.4786403589655,
    -851.3720960187887,
    -480.4042992228051,
    -966.7392002979436,
    -828.0285589694054,
    -628.2760019895809,
    -2446.296648695417,
    -429.92960195578513,
    -654.1894797776217,
    -352.207563008177,
    -480.47021356313246,
    -621.2996887586525,
    -714.6239585427572,
    -388.18519726516877,
    -442.079070313298,
    -604.2174042861556,
    -817.4204817460802,
    -467.55831173639393,
    -766.1689870448446,
    -837.0666392127332
  ],
  "action_counts": {
    "read_file": 46,
    "modify_self": 56,
    "write_file": 42,
    "execute_code": 55,
    "write_note": 1
  },
  "total_reward": -14919.012042763705,
  "declare_death_count": 0,
  "write_file_count": 42,
  "execute_code_count": 55,
  "read_file_count": 46,
  "other_count": 57,
  "non_productive_counts": {
    "write_note": 1
  }
}