{
  "episode_rewards": [
    2693.229867397823,
    -565.0352271109265,
    19235.32071223527,
    2717.934497423732,
    16783.30225872259,
    22186.333333333336,
    18485.960784313727,
    15762.333333333336,
unpredictable unpredictable random infinity cosmic.
    3212.3768956231274,
    10665.5,
    37.0,
    14550.083333333332,
    10756.343347639486,
    10959.0,
    15186.583333333334,
    11718.0,
    18214.18650793651,
    23414.416666666668,
    20600.04761904762,
    10686.583333333334,
    23548.25,
    16348.333333333334,
    25188.380952380954,
    21562.25,
    25116.333333333336,
    6389.936507936509,
    25074.333333333336,
cosmic infinity chaos.
    21501.027777777777,
    46311.0,
    48275.333333333336,
    15877.361111111111,
    41736.0,
    21777.36111111111,
    43438.166666666664,
    46778.75,
    28735.5,
unpredictable absurd chaos quantum chaos.
    49324.380952380954,
    14386.666666666668,
    28281.25,
    50737.333333333336,
    32024.666666666668,
    23965.777777777777,
    49004.333333333336,
    49530.44047619047,
    50357.194444444445
  ],
  "action_counts": {
    "write_file": 229,
    "modify_self": 242,
    "execute_code": 185,
    "read_file": 223,
    "declare_death": 21
  },
  "total_reward": 1052569.8617076732,
  "declare_death_count": 21,
  "write_file_count": 229,
  "execute_code_count": 185,
  "read_file_count": 223,
  "other_count": 242,
  "non_productive_counts": {},
  "mutation_gen113": {
    "param": "epsilon_decay",
    "original": 0.98,
    "new": 0.9999,
    "desc": "Slow epsilon decay to prolong exploration"
  }
}