{
  "episode_rewards": [
    1344.3769841269843,
    1631.7539682539682,
    -80.0,
    925.8769841269841,
    493.0,
    -4219.194444444444,
    835.8055555555555,
    -530.0,
    266.71031746031747,
    917.1547619047619,
    -3587.623015873016,
    -4174.289682539683,
    321.8769841269841,
    -530.0,
    707.0,
    2526.75,
    -530.0,
    -530.0,
    2447.142857142857,
    198.3769841269842,
    -530.0,
    -3985.0793650793653,
    401.0,
    2205.7976190476193,
    712.8055555555555,
    94.0,
    1516.0,
    -4702.123015873016,
    -530.0,
    1422.0,
    -4644.0,
    266.71031746031747,
    2556.809523809524,
    -5503.0,
    -4889.0,
    981.9206349206347,
    1044.5873015873015,
    -13721.0,
    -5503.0,
    587.8769841269841,
    1427.1309523809525,
    -4807.0,
    270.8769841269841,
    -3104.2023809523807,
    1383.0
  ],
  "action_counts": {
    "modify_self": 591,
    "write_file": 259,
    "execute_code": 20,
    "read_file": 16,
    "declare_death": 14
  },
  "total_reward": -38613.170634920636,
  "declare_death_count": 14,
  "write_file_count": 259,
  "execute_code_count": 20,
  "read_file_count": 16,
  "other_count": 591,
  "non_productive_counts": {}
}