{
  "episode_rewards": [
    370.8769841269841,
    2.0,
    1023.1111111111111,
    -530.0,
    -530.0,
    -14652.289682539682,
    1397.8055555555554,
    -10067.0,
    524.0,
    1553.111111111111,
    912.0,
    -121.0,
    166.0,
    -4702.123015873016,
    -530.0,
    2191.9166666666665,
    -3620.123015873016,
    84.0,
    -4201.123015873016,
    -5135.0,
    180.80555555555554,
    166.0,
    -3692.0,
    411.0,
    170.55555555555557,
    1101.5555555555557,
    170.55555555555557,
    1025.876984126984,
    -5503.0,
    1199.0,
    -5094.0,
    1538.0873015873017,
    -8615.67857142857,
    -5186.0,
    -530.0,
    1788.8055555555557,
    -5503.0,
    -39.0,
    1321.6666666666667,
    421.8769841269841,
    -5503.0,
    1421.6666666666667,
    -9985.0,
    -4807.0,
    779.8769841269841
  ],
  "action_counts": {
    "modify_self": 164,
    "read_file": 532,
    "execute_code": 8,
    "write_file": 176,
    "declare_death": 20
  },
  "total_reward": -78624.18650793654,
  "declare_death_count": 20,
  "write_file_count": 176,
  "execute_code_count": 8,
  "read_file_count": 532,
  "other_count": 164,
  "non_productive_counts": {}
}